time,btc,eth,ltc
2017-05-27 21:10:02,13700.0,1132.0,149.0
2017-05-27 21:11:02,13750.0,1129.98,148.0
2017-05-27 21:12:02,13750.0,1125.31,147.03
2017-05-27 21:13:01,13701.0,1125.01,148.0
2017-05-27 21:14:01,13602.0,1117.29,148.0
2017-05-27 21:15:02,13500.0,1115.91,148.0
2017-05-27 21:16:02,13400.01,1123.42,147.3
2017-05-27 21:17:01,13401.02,1123.42,145.21
2017-05-27 21:18:01,13401.01,1123.42,146.0
2017-05-27 21:19:01,13500.0,1122.99,145.9
2017-05-27 21:20:02,13400.0,1123.4,145.5
2017-05-27 21:21:02,13400.0,1127.29,145.5
2017-05-27 21:22:02,13400.0,1130.01,145.47
2017-05-27 21:23:01,13301.51,1131.42,145.1
2017-05-27 21:24:01,13305.01,1132.64,145.0
2017-05-27 21:25:02,13310.9,1124.01,144.0
2017-05-27 21:26:02,13476.0,1124.0,144.02
2017-05-27 21:27:02,13476.0,1120.01,145.0
2017-05-27 21:28:02,13477.0,1118.72,146.0
2017-05-27 21:29:02,13477.0,1118.72,147.0
2017-05-27 21:30:02,13500.0,1121.0,147.0
2017-05-27 21:31:01,13500.0,1120.84,147.01
2017-05-27 21:32:02,13500.0,1123.99,147.9
2017-05-27 21:33:02,13510.0,1124.01,148.8
2017-05-27 21:34:01,13600.0,1124.01,149.5
2017-05-27 21:35:01,13680.0,1128.01,149.98
2017-05-27 21:36:01,13680.0,1132.1,149.0
2017-05-27 21:37:02,13601.0,1132.1,148.5
2017-05-27 21:38:02,13601.5,1131.0,148.5
2017-05-27 21:39:02,13599.99,1127.49,148.0
2017-05-27 21:40:02,13511.0,1123.18,148.0
2017-05-27 21:41:02,13511.0,1122.46,147.01
2017-05-27 21:42:02,13511.0,1123.0,148.3
2017-05-27 21:43:02,13600.0,1121.64,148.0
2017-05-27 21:44:02,13600.0,1122.48,148.49
2017-05-27 21:45:02,13600.0,1125.65,149.0
2017-05-27 21:46:02,13600.0,1127.48,150.0
2017-05-27 21:47:02,13512.0,1130.43,149.99
2017-05-27 21:48:02,13512.0,1135.0,149.9
2017-05-27 21:49:02,13601.0,1138.93,149.01
2017-05-27 21:50:02,13601.0,1139.0,149.01
2017-05-27 21:51:01,13699.9,1143.0,149.0
2017-05-27 21:52:01,13699.9,1143.29,149.6
2017-05-27 21:53:01,13699.9,1144.01,149.56
2017-05-27 21:54:01,13689.9,1149.87,150.0
2017-05-27 21:55:02,13689.9,1149.82,150.01
2017-05-27 21:56:01,13699.0,1147.99,150.3
2017-05-27 21:57:01,13689.0,1148.97,150.99
2017-05-27 21:58:02,13699.89,1150.1,150.99
2017-05-27 21:59:02,13689.0,1160.13,150.5
2017-05-27 22:00:02,13689.0,1160.0,150.5
2017-05-27 22:01:01,13689.0,1151.94,150.3
2017-05-27 22:02:02,13689.0,1156.99,150.5
2017-05-27 22:03:02,13699.89,1169.0,150.1
2017-05-27 22:04:02,13665.0,1174.99,150.3
2017-05-27 22:05:01,13650.0,1173.0,150.98
2017-05-27 22:06:01,13800.0,1173.01,150.1
2017-05-27 22:07:01,13620.55,1185.0,150.1
2017-05-27 22:08:01,13620.55,1188.0,149.6
2017-05-27 22:09:01,13620.55,1185.0,150.0
2017-05-27 22:10:01,13620.55,1170.0,151.1
2017-05-27 22:11:01,13782.0,1173.01,151.1
2017-05-27 22:12:02,13782.0,1173.01,151.1
2017-05-27 22:13:01,13802.0,1178.04,151.79
2017-05-27 22:14:01,13800.0,1175.0,151.98
2017-05-27 22:15:02,13800.0,1173.01,152.87
2017-05-27 22:16:01,13810.0,1175.01,153.5
2017-05-27 22:17:02,13898.0,1184.97,153.0
2017-05-27 22:18:02,13898.0,1187.98,153.0
2017-05-27 22:19:01,13900.0,1189.94,153.1
2017-05-27 22:20:02,13900.0,1181.11,153.0
2017-05-27 22:21:02,13850.0,1182.01,152.8
2017-05-27 22:22:02,13850.0,1181.11,152.0
2017-05-27 22:23:02,13850.0,1179.99,151.11
2017-05-27 22:24:02,13889.99,1173.02,150.12
2017-05-27 22:25:02,13850.0,1173.02,150.12
2017-05-27 22:26:01,13848.0,1173.0,150.12
2017-05-27 22:27:01,13848.0,1166.97,150.0
2017-05-27 22:28:02,13810.0,1166.96,150.02
2017-05-27 22:29:02,13801.0,1161.06,151.0
2017-05-27 22:30:01,13840.0,1159.99,150.01
2017-05-27 22:31:01,13838.0,1163.0,150.86
2017-05-27 22:32:01,13820.0,1167.13,150.79
2017-05-27 22:33:02,13788.0,1155.67,149.18
2017-05-27 22:34:01,13787.0,1153.07,148.3
2017-05-27 22:35:01,13602.0,1153.07,149.0
2017-05-27 22:36:01,13602.0,1166.89,148.5
2017-05-27 22:37:02,13614.0,1166.0,148.6
2017-05-27 22:38:01,13614.0,1165.99,148.6
2017-05-27 22:39:01,13615.0,1157.91,148.51
2017-05-27 22:40:01,13611.0,1149.99,148.6
2017-05-27 22:41:01,13611.0,1148.99,149.0
2017-05-27 22:42:01,13611.0,1140.0,149.0
2017-05-27 22:43:02,13611.0,1140.02,149.0
2017-05-27 22:44:02,13620.0,1142.01,149.8
2017-05-27 22:45:01,13780.0,1147.99,149.13
2017-05-27 22:46:01,13780.0,1149.0,149.8
2017-05-27 22:47:01,13620.0,1150.0,149.8
2017-05-27 22:48:02,13769.0,1159.97,149.3
2017-05-27 22:49:02,13766.0,1159.88,149.1
2017-05-27 22:50:02,13766.0,1159.8,149.0
2017-05-27 22:51:01,13600.0,1159.68,148.19
2017-05-27 22:52:02,13600.0,1151.01,147.0
2017-05-27 22:53:02,13600.0,1148.0,148.0
2017-05-27 22:54:01,13540.0,1147.89,146.5
2017-05-27 22:55:02,13550.0,1139.0,145.58
2017-05-27 22:56:02,13600.0,1144.99,145.01
2017-05-27 22:57:02,13675.0,1141.09,146.0
2017-05-27 22:58:02,13540.0,1141.0,146.04
2017-05-27 22:59:02,13540.0,1141.01,147.0
2017-05-27 23:00:02,13550.0,1144.99,147.0
2017-05-27 23:01:02,13675.0,1141.0,147.0
2017-05-27 23:02:02,13675.0,1141.01,146.5
2017-05-27 23:03:01,13675.0,1140.0,147.0
2017-05-27 23:04:02,13555.0,1143.0,146.5
2017-05-27 23:05:01,13566.0,1143.2,147.3
2017-05-27 23:06:01,13668.0,1142.01,147.29
2017-05-27 23:07:01,13667.0,1142.01,147.0
2017-05-27 23:08:01,13667.0,1142.99,147.0
2017-05-27 23:09:01,13667.0,1143.0,147.0
2017-05-27 23:10:02,13667.0,1143.0,147.97
2017-05-27 23:11:01,13667.0,1141.49,147.01
2017-05-27 23:12:01,13667.0,1140.1,146.93
2017-05-27 23:13:02,13667.0,1142.5,146.93
2017-05-27 23:14:02,13560.0,1142.5,146.51
2017-05-27 23:15:02,13560.0,1146.9,146.0
2017-05-27 23:17:02,13540.0,1146.5,146.0
2017-05-27 23:18:01,13540.0,1146.0,146.97
2017-05-27 23:19:01,13560.0,1146.86,145.1
2017-05-27 23:20:02,13560.0,1154.99,145.5
2017-05-27 23:21:01,13560.0,1154.49,145.5
2017-05-27 23:22:02,13540.0,1153.0,146.1
2017-05-27 23:23:01,13560.0,1153.03,146.02
2017-05-27 23:24:01,13667.0,1154.56,146.01
2017-05-27 23:25:01,13500.0,1156.15,146.9
2017-05-27 23:26:02,13500.0,1160.5,146.6
2017-05-27 23:27:02,13500.0,1168.0,146.8
2017-05-27 23:28:01,13500.0,1167.99,146.9
2017-05-27 23:29:02,13500.0,1162.08,147.2
2017-05-27 23:30:02,13502.0,1162.02,146.5
2017-05-27 23:31:02,13650.0,1160.0,146.5
2017-05-27 23:32:01,13649.0,1162.0,146.7
2017-05-27 23:33:02,13649.0,1154.0,146.95
2017-05-27 23:34:01,13647.99,1153.4,146.0
2017-05-27 23:35:02,13647.99,1140.01,145.5
2017-05-27 23:36:02,13647.99,1140.04,143.5
2017-05-27 23:37:01,13500.0,1141.2,143.5
2017-05-27 23:38:02,13647.99,1141.01,145.48
2017-05-27 23:39:02,13647.99,1141.0,145.49
2017-05-27 23:40:02,13647.99,1160.0,145.49
2017-05-27 23:41:01,13650.0,1161.0,146.9
2017-05-27 23:42:01,13649.0,1160.99,148.51
2017-05-27 23:43:02,13650.0,1160.41,149.7
2017-05-27 23:44:02,13650.0,1161.99,149.74
2017-05-27 23:45:02,13650.0,1160.43,150.5
2017-05-27 23:46:01,13700.0,1161.05,152.98
2017-05-27 23:47:01,13760.0,1163.01,154.0
2017-05-27 23:48:02,13760.0,1163.04,153.0
2017-05-27 23:49:01,13750.01,1164.0,153.79
2017-05-27 23:50:02,13800.0,1163.04,152.0
2017-05-27 23:51:01,13850.0,1165.0,151.0
2017-05-27 23:52:01,13800.0,1165.0,150.0
2017-05-27 23:53:01,13850.0,1165.99,150.99
2017-05-27 23:54:02,13850.0,1161.27,150.99
2017-05-27 23:55:02,13800.0,1161.27,151.97
2017-05-27 23:56:02,13847.98,1161.28,152.0
2017-05-27 23:57:02,13706.0,1161.3,152.0
2017-05-27 23:58:02,13706.0,1161.34,152.02
2017-05-27 23:59:01,13706.0,1161.34,152.0
2017-05-28 00:00:02,13748.0,1162.82,151.01
2017-05-28 00:01:01,13740.0,1169.98,152.0
2017-05-28 00:02:01,13740.0,1180.99,153.78
2017-05-28 00:03:01,13749.0,1185.0,154.0
2017-05-28 00:04:01,13859.0,1185.0,154.0
2017-05-28 00:05:01,13859.0,1190.02,153.98
2017-05-28 00:06:01,13859.0,1190.02,153.98
2017-05-28 00:07:02,13859.0,1190.02,153.98
2017-05-28 00:08:02,13859.0,1190.02,153.98
2017-05-28 00:09:02,14000.0,1195.56,155.0
2017-05-28 00:10:02,14100.0,1210.0,156.25
2017-05-28 00:11:01,14150.0,1220.83,157.9
2017-05-28 00:12:02,14199.0,1230.0,158.6
2017-05-28 00:13:02,14200.01,1235.0,158.5
2017-05-28 00:14:01,14300.0,1247.99,157.0
2017-05-28 00:15:02,14260.0,1250.1,158.4
2017-05-28 00:16:02,14210.0,1252.02,157.9
2017-05-28 00:17:02,14060.0,1221.0,157.0
2017-05-28 00:18:02,14100.0,1209.29,156.3
2017-05-28 00:19:01,14101.0,1211.74,156.08
2017-05-28 00:20:02,14260.0,1218.0,156.08
2017-05-28 00:21:02,14110.0,1215.03,156.97
2017-05-28 00:22:01,14110.01,1214.91,156.8
2017-05-28 00:23:02,14400.0,1215.0,156.5
2017-05-28 00:24:02,14478.01,1214.9,156.1
2017-05-28 00:25:02,14479.0,1201.03,156.1
2017-05-28 00:26:01,14400.0,1200.03,155.05
2017-05-28 00:27:01,14479.0,1190.07,155.05
2017-05-28 00:28:01,14300.0,1210.89,155.05
2017-05-28 00:29:02,14478.0,1210.0,154.2
2017-05-28 00:30:01,14478.0,1209.0,156.0
2017-05-28 00:31:01,14470.0,1210.0,156.49
2017-05-28 00:32:02,14470.0,1209.0,156.5
2017-05-28 00:33:01,14351.0,1210.0,157.2
2017-05-28 00:34:02,14470.0,1210.0,157.5
2017-05-28 00:35:01,14470.0,1214.99,158.0
2017-05-28 00:36:02,14471.0,1215.44,158.2
2017-05-28 00:37:02,14480.0,1221.0,162.0
2017-05-28 00:38:01,14551.0,1230.0,161.0
2017-05-28 00:39:01,14677.99,1240.0,161.98
2017-05-28 00:40:02,14810.0,1247.99,161.9
2017-05-28 00:41:02,14870.0,1250.99,161.6
2017-05-28 00:42:01,14929.0,1254.98,160.0
2017-05-28 00:43:01,14990.0,1240.38,157.5
2017-05-28 00:44:01,14990.0,1230.0,159.89
2017-05-28 00:45:01,14550.0,1240.0,158.99
2017-05-28 00:46:02,14700.0,1240.98,158.0
2017-05-28 00:47:01,14700.0,1251.0,158.0
2017-05-28 00:48:01,14700.0,1252.99,158.8
2017-05-28 00:49:02,14750.0,1252.97,158.79
2017-05-28 00:50:01,14760.0,1250.0,158.01
2017-05-28 00:51:02,14750.0,1249.99,157.6
2017-05-28 00:52:02,14710.0,1248.0,155.11
2017-05-28 00:53:02,14551.0,1230.01,155.0
2017-05-28 00:54:02,14600.0,1225.0,154.11
2017-05-28 00:55:02,14521.0,1225.3,153.01
2017-05-28 00:56:02,14500.0,1220.71,154.5
2017-05-28 00:57:02,14478.0,1239.99,156.0
2017-05-28 00:58:02,14479.0,1225.5,157.59
2017-05-28 00:59:02,14478.0,1225.0,155.01
2017-05-28 01:00:02,14479.0,1220.8,154.08
2017-05-28 01:01:02,14699.99,1223.99,152.0
2017-05-28 01:02:01,14500.0,1212.95,150.85
2017-05-28 01:03:02,14500.0,1200.21,153.0
2017-05-28 01:04:02,14478.0,1210.0,153.0
2017-05-28 01:05:02,14500.0,1201.01,152.02
2017-05-28 01:06:02,14478.0,1202.02,153.0
2017-05-28 01:07:02,14478.0,1203.03,153.5
2017-05-28 01:08:01,14490.0,1214.98,153.52
2017-05-28 01:09:02,14479.0,1218.98,153.0
2017-05-28 01:10:02,14478.0,1218.98,153.5
2017-05-28 01:11:02,14478.0,1215.99,153.0
2017-05-28 01:12:01,14478.0,1216.0,152.03
2017-05-28 01:13:02,14489.99,1214.98,151.1
2017-05-28 01:14:02,14489.99,1206.07,151.0
2017-05-28 01:15:02,14478.0,1213.99,153.0
2017-05-28 01:17:01,14478.0,1205.02,153.28
2017-05-28 01:18:01,14489.0,1205.0,153.0
2017-05-28 01:19:02,14500.01,1213.97,153.35
2017-05-28 01:20:01,14600.0,1215.0,155.0
2017-05-28 01:21:02,14510.0,1218.8,156.99
2017-05-28 01:22:02,14550.0,1215.51,155.08
2017-05-28 01:23:02,14550.0,1219.59,154.5
2017-05-28 01:24:01,14550.0,1207.13,154.5
2017-05-28 01:25:01,14510.0,1216.99,154.5
2017-05-28 01:26:02,14500.0,1208.79,155.4
2017-05-28 01:27:01,14500.0,1205.03,155.4
2017-05-28 01:28:02,14511.0,1208.0,155.4
2017-05-28 01:29:02,14500.0,1208.0,153.5
2017-05-28 01:30:02,14500.0,1208.44,153.0
2017-05-28 01:31:01,14500.0,1208.45,153.0
2017-05-28 01:32:01,14500.0,1208.4,154.9
2017-05-28 01:33:01,14500.0,1205.04,155.0
2017-05-28 01:34:02,14500.0,1205.04,154.0
2017-05-28 01:35:02,14500.0,1205.0,154.0
2017-05-28 01:36:02,14500.0,1205.0,154.0
2017-05-28 01:37:02,14500.0,1200.0,154.0
2017-05-28 01:38:02,14479.0,1193.1,153.3
2017-05-28 01:39:02,14500.0,1191.05,153.8
2017-05-28 01:40:02,14500.0,1194.0,153.99
2017-05-28 01:41:02,14485.0,1194.0,154.0
2017-05-28 01:42:01,14485.0,1194.01,153.2
2017-05-28 01:43:01,14470.0,1194.01,153.21
2017-05-28 01:44:02,14470.0,1200.0,153.21
2017-05-28 01:45:01,14471.0,1200.0,154.0
2017-05-28 01:46:02,14470.0,1204.98,154.8
2017-05-28 01:47:02,14449.0,1201.37,154.01
2017-05-28 01:48:01,14449.0,1201.37,154.7
2017-05-28 01:49:02,14500.0,1204.99,154.7
2017-05-28 01:50:02,14540.0,1204.95,155.0
2017-05-28 01:51:01,14449.0,1204.95,155.7
2017-05-28 01:52:01,14540.0,1205.0,156.75
2017-05-28 01:53:02,14550.0,1208.56,156.88
2017-05-28 01:54:02,14550.0,1208.56,156.88
2017-05-28 01:55:01,14355.0,1203.01,156.89
2017-05-28 01:56:02,14550.0,1203.11,156.88
2017-05-28 01:57:02,14550.0,1203.14,155.7
2017-05-28 01:58:01,14550.0,1210.01,155.7
2017-05-28 01:59:02,14550.0,1208.5,155.7
2017-05-28 02:00:01,14550.0,1206.0,155.7
2017-05-28 02:01:02,14550.0,1206.0,155.7
2017-05-28 02:02:01,14360.0,1205.99,155.7
2017-05-28 02:03:02,14360.0,1205.99,156.7
2017-05-28 02:04:02,14411.2,1205.99,155.7
2017-05-28 02:05:01,14520.0,1205.99,155.7
2017-05-28 02:06:01,14412.3,1204.0,156.5
2017-05-28 02:07:02,14416.0,1204.0,157.97
2017-05-28 02:08:02,14430.0,1204.0,158.0
2017-05-28 02:09:01,14431.0,1209.93,159.49
2017-05-28 02:10:02,14519.0,1204.0,160.0
2017-05-28 02:11:02,14480.1,1203.17,161.02
2017-05-28 02:12:01,14520.0,1205.0,161.03
2017-05-28 02:13:02,14520.0,1205.0,160.0
2017-05-28 02:14:01,14595.0,1205.0,158.8
2017-05-28 02:15:01,14595.0,1203.17,158.05
2017-05-28 02:16:02,14620.0,1206.0,158.1
2017-05-28 02:17:01,14648.0,1206.0,159.86
2017-05-28 02:18:01,14620.0,1210.0,158.22
2017-05-28 02:19:01,14620.0,1218.99,158.22
2017-05-28 02:20:02,14551.0,1215.09,158.22
2017-05-28 02:21:01,14551.0,1215.0,158.22
2017-05-28 02:22:02,14620.0,1218.2,158.22
2017-05-28 02:23:01,14620.0,1218.2,159.0
2017-05-28 02:24:01,14697.0,1218.9,158.99
2017-05-28 02:25:01,14620.0,1219.41,157.01
2017-05-28 02:26:02,14620.0,1219.51,158.99
2017-05-28 02:27:01,14620.0,1220.8,156.5
2017-05-28 02:29:02,14620.0,1227.16,158.0
2017-05-28 02:30:02,14620.0,1230.0,158.0
2017-05-28 02:31:02,14620.0,1232.0,157.98
2017-05-28 02:32:02,14620.1,1232.03,156.01
2017-05-28 02:33:01,14620.1,1237.45,157.88
2017-05-28 02:34:01,14620.1,1233.08,156.06
2017-05-28 02:35:02,14500.0,1233.07,156.0
2017-05-28 02:36:02,14450.0,1227.91,156.89
2017-05-28 02:37:01,14450.0,1233.06,156.9
2017-05-28 02:38:02,14450.0,1233.06,156.9
2017-05-28 02:39:02,14450.0,1233.06,158.0
2017-05-28 02:40:02,14501.0,1233.06,158.0
2017-05-28 02:41:01,14501.0,1232.97,157.99
2017-05-28 02:42:01,14501.0,1223.97,157.0
2017-05-28 02:43:02,14501.0,1223.97,157.9
2017-05-28 02:44:02,14501.0,1237.0,156.9
2017-05-28 02:45:01,14501.0,1237.0,156.9
2017-05-28 02:46:01,14501.0,1233.06,157.9
2017-05-28 02:47:02,14501.0,1233.06,157.9
2017-05-28 02:48:02,14501.0,1233.06,157.5
2017-05-28 02:49:02,14450.0,1224.99,157.88
2017-05-28 02:50:02,14450.0,1220.9,157.88
2017-05-28 02:51:02,14501.0,1220.0,157.88
2017-05-28 02:52:01,14501.0,1219.4,158.0
2017-05-28 02:53:01,14501.0,1219.12,158.0
2017-05-28 02:54:02,14450.0,1209.16,157.88
2017-05-28 02:55:02,14450.0,1209.22,157.88
2017-05-28 02:56:02,14450.0,1210.0,157.89
2017-05-28 02:57:01,14450.0,1220.0,158.0
2017-05-28 02:58:01,14450.0,1230.99,158.93
2017-05-28 02:59:02,14450.0,1230.99,158.0
2017-05-28 03:00:02,14450.0,1220.0,158.0
2017-05-28 03:01:02,14450.0,1228.95,158.0
2017-05-28 03:02:02,14649.0,1230.97,158.0
2017-05-28 03:03:01,14649.0,1230.97,157.89
2017-05-28 03:04:01,14697.0,1230.97,156.96
2017-05-28 03:05:01,14697.0,1230.97,156.96
2017-05-28 03:06:02,14697.0,1230.97,157.0
2017-05-28 03:07:01,14697.0,1230.97,156.96
2017-05-28 03:08:01,14697.0,1227.7,156.96
2017-05-28 03:09:02,14697.0,1227.0,158.0
2017-05-28 03:10:01,14697.0,1220.0,158.0
2017-05-28 03:11:01,14697.0,1227.0,158.0
2017-05-28 03:12:02,14697.0,1227.0,158.0
2017-05-28 03:13:02,14697.0,1230.0,158.49
2017-05-28 03:14:01,14697.0,1228.99,158.49
2017-05-28 03:15:01,14370.0,1228.98,158.01
2017-05-28 03:16:02,14690.0,1223.45,158.01
2017-05-28 03:17:02,14690.0,1223.45,158.0
2017-05-28 03:18:02,14371.0,1223.45,157.1
2017-05-28 03:19:01,14371.0,1228.89,157.4
2017-05-28 03:20:01,14371.0,1228.89,157.7
2017-05-28 03:21:02,14371.0,1224.51,158.0
2017-05-28 03:22:02,14371.0,1228.89,157.7
2017-05-28 03:23:01,14371.0,1228.89,157.7
2017-05-28 03:24:02,14371.0,1228.89,157.72
2017-05-28 03:25:01,14371.0,1228.89,157.72
2017-05-28 03:26:01,14371.0,1228.89,157.03
2017-05-28 03:27:02,14371.0,1228.89,157.03
2017-05-28 03:28:02,14371.01,1231.9,157.1
2017-05-28 03:29:02,14600.1,1231.9,157.1
2017-05-28 03:30:01,14600.1,1227.0,157.98
2017-05-28 03:31:02,14600.1,1232.59,157.98
2017-05-28 03:32:02,14600.1,1232.59,157.98
2017-05-28 03:33:02,14600.1,1232.59,157.98
2017-05-28 03:34:01,14600.1,1227.03,157.21
2017-05-28 03:35:01,14600.1,1227.03,158.0
2017-05-28 03:36:01,14600.1,1227.03,158.21
2017-05-28 03:37:01,14600.1,1227.03,158.0
2017-05-28 03:38:01,14600.1,1227.03,158.45
2017-05-28 03:39:02,14600.1,1227.03,158.45
2017-05-28 03:40:01,14600.1,1226.99,158.8
2017-05-28 03:41:02,14549.0,1227.0,159.0
2017-05-28 03:42:02,14549.0,1227.0,159.0
2017-05-28 03:43:01,14575.0,1227.0,158.5
2017-05-28 03:44:02,14575.0,1227.0,158.5
2017-05-28 03:45:02,14575.0,1227.0,158.0
2017-05-28 03:46:02,14575.0,1229.0,157.5
2017-05-28 03:47:01,14500.0,1229.01,157.5
2017-05-28 03:48:02,14500.0,1232.59,158.0
2017-05-28 03:49:02,14500.0,1232.59,158.0
2017-05-28 03:50:02,14500.0,1232.59,158.0
2017-05-28 03:51:01,14500.0,1232.59,158.0
2017-05-28 03:52:01,14575.0,1232.59,158.0
2017-05-28 03:53:01,14575.0,1232.59,158.0
2017-05-28 03:54:01,14575.0,1232.59,158.0
2017-05-28 03:55:01,14575.1,1232.59,160.0
2017-05-28 03:56:01,14575.1,1232.59,159.89
2017-05-28 03:57:02,14575.1,1232.59,160.97
2017-05-28 03:58:01,14580.0,1232.59,161.0
2017-05-28 03:59:01,14650.0,1232.59,161.67
2017-05-28 04:00:02,14650.0,1232.59,161.49
2017-05-28 04:01:01,14600.1,1232.6,161.47
2017-05-28 04:02:01,14600.1,1232.6,161.47
2017-05-28 04:03:01,14600.1,1232.6,161.4
2017-05-28 04:04:02,14600.1,1232.65,160.49
2017-05-28 04:05:02,14600.1,1232.65,159.0
2017-05-28 04:06:01,14600.1,1234.0,160.48
2017-05-28 04:07:02,14600.1,1235.0,160.98
2017-05-28 04:08:01,14600.1,1234.59,160.99
2017-05-28 04:09:01,14600.1,1234.59,160.99
2017-05-28 04:10:02,14650.0,1240.0,160.99
2017-05-28 04:11:02,14650.0,1240.0,159.2
2017-05-28 04:12:01,14650.0,1244.99,159.01
2017-05-28 04:13:01,14650.0,1245.0,159.01
2017-05-28 04:14:02,14688.0,1245.0,159.01
2017-05-28 04:15:02,14688.0,1244.99,159.01
2017-05-28 04:16:01,14688.0,1244.99,159.0
2017-05-28 04:17:02,14688.0,1248.93,159.46
2017-05-28 04:18:02,14688.0,1230.0,159.0
2017-05-28 04:19:01,14695.0,1230.0,158.0
2017-05-28 04:20:01,14580.11,1230.0,157.02
2017-05-28 04:21:02,14580.1,1230.0,157.03
2017-05-28 04:22:02,14500.0,1229.0,156.06
2017-05-28 04:23:01,14500.0,1213.09,156.07
2017-05-28 04:24:02,14500.0,1213.09,157.02
2017-05-28 04:25:02,14500.0,1227.99,157.02
2017-05-28 04:26:02,14500.0,1227.99,157.04
2017-05-28 04:27:01,14500.0,1227.99,158.47
2017-05-28 04:28:02,14500.0,1227.99,158.49
2017-05-28 04:29:02,14500.0,1227.99,159.97
2017-05-28 04:30:01,14500.0,1227.99,157.03
2017-05-28 04:31:01,14696.0,1227.99,156.0
2017-05-28 04:32:02,14696.0,1227.99,159.0
2017-05-28 04:33:01,14630.0,1227.99,156.5
2017-05-28 04:34:02,14630.0,1216.18,156.61
2017-05-28 04:35:02,14630.0,1216.19,156.61
2017-05-28 04:36:01,14630.0,1216.19,156.61
2017-05-28 04:37:02,14630.0,1216.19,156.6
2017-05-28 04:38:02,14501.0,1216.28,156.0
2017-05-28 04:39:02,14500.0,1216.25,156.0
2017-05-28 04:40:02,14500.0,1216.94,155.0
2017-05-28 04:41:02,14500.0,1216.94,155.0
2017-05-28 04:42:01,14500.0,1224.92,155.0
2017-05-28 04:43:01,14420.0,1224.92,153.99
2017-05-28 04:44:02,14420.0,1224.92,152.99
2017-05-28 04:45:01,14420.0,1216.94,151.66
2017-05-28 04:46:01,14420.0,1216.94,151.67
2017-05-28 04:47:01,14420.0,1216.94,151.67
2017-05-28 04:48:02,14371.0,1216.18,151.68
2017-05-28 04:49:02,14350.0,1216.19,151.68
2017-05-28 04:50:02,14350.0,1213.06,151.7
2017-05-28 04:51:02,14350.0,1212.0,152.57
2017-05-28 04:52:02,14350.0,1212.0,154.99
2017-05-28 04:53:01,14350.0,1212.0,155.5
2017-05-28 04:54:01,14350.0,1227.89,156.5
2017-05-28 04:55:02,14350.0,1227.9,152.6
2017-05-28 04:56:02,14420.0,1228.0,152.6
2017-05-28 04:57:01,14420.0,1218.0,152.61
2017-05-28 04:58:01,14420.0,1218.0,156.48
2017-05-28 04:59:01,14350.0,1221.98,152.99
2017-05-28 05:00:02,14350.0,1221.98,155.9
2017-05-28 05:01:02,14350.0,1217.99,153.0
2017-05-28 05:02:02,14350.0,1217.99,153.0
2017-05-28 05:03:02,14350.0,1217.99,153.1
2017-05-28 05:04:01,14500.0,1217.99,153.1
2017-05-28 05:05:02,14500.0,1215.0,153.1
2017-05-28 05:06:02,14500.0,1215.0,153.5
2017-05-28 05:07:02,14500.0,1211.09,153.5
2017-05-28 05:08:02,14350.0,1212.57,153.0
2017-05-28 05:09:02,14300.1,1212.57,153.0
2017-05-28 05:10:03,14300.1,1212.57,152.71
2017-05-28 05:11:01,14300.1,1212.57,152.71
2017-05-28 05:12:02,14300.1,1212.57,152.71
2017-05-28 05:13:02,14300.09,1212.27,152.71
2017-05-28 05:14:02,14300.09,1221.99,152.61
2017-05-28 05:15:02,14300.09,1221.99,152.63
2017-05-28 05:16:02,14300.09,1227.97,152.0
2017-05-28 05:17:02,14300.0,1214.17,151.99
2017-05-28 05:18:02,14300.0,1214.16,150.99
2017-05-28 05:19:02,14200.0,1214.16,150.2
2017-05-28 05:20:02,14200.0,1213.95,150.99
2017-05-28 05:21:02,14260.0,1210.0,149.01
2017-05-28 05:22:02,14260.0,1210.13,150.0
2017-05-28 05:23:02,14000.0,1210.13,150.11
2017-05-28 05:24:02,14000.0,1217.64,150.11
2017-05-28 05:25:02,14000.0,1217.64,150.12
2017-05-28 05:26:03,14040.0,1213.48,150.12
2017-05-28 05:27:02,14040.0,1217.39,150.12
2017-05-28 05:28:02,14290.0,1217.39,150.0
2017-05-28 05:29:02,14290.0,1218.0,150.0
2017-05-28 05:30:03,14290.0,1201.99,150.0
2017-05-28 05:31:02,14290.0,1202.0,150.11
2017-05-28 05:32:02,14290.0,1199.89,150.1
2017-05-28 05:33:02,14500.0,1190.0,150.1
2017-05-28 05:34:02,14500.0,1194.99,150.1
2017-05-28 05:35:01,14260.0,1190.01,150.99
2017-05-28 05:36:02,14499.0,1185.0,150.99
2017-05-28 05:37:01,14499.0,1185.0,150.99
2017-05-28 05:38:01,14499.0,1185.0,150.99
2017-05-28 05:39:01,14499.0,1208.49,150.99
2017-05-28 05:40:03,14489.9,1208.49,151.04
2017-05-28 05:41:01,14260.0,1208.49,151.3
2017-05-28 05:42:02,14489.0,1208.49,151.3
2017-05-28 05:43:02,14489.0,1185.62,152.56
2017-05-28 05:44:02,14041.0,1207.99,154.8
2017-05-28 05:45:02,14041.0,1204.99,155.0
2017-05-28 05:46:02,14091.0,1204.98,153.99
2017-05-28 05:47:01,14092.0,1204.97,153.89
2017-05-28 05:48:02,14092.0,1204.97,153.0
2017-05-28 05:49:01,14092.0,1200.89,153.89
2017-05-28 05:50:02,14092.0,1200.89,153.0
2017-05-28 05:51:02,14095.0,1200.89,152.01
2017-05-28 05:52:01,14095.0,1200.89,152.99
2017-05-28 05:53:02,14100.0,1200.89,151.99
2017-05-28 05:54:02,14100.0,1204.0,151.99
2017-05-28 05:55:02,14100.0,1210.0,151.99
2017-05-28 05:56:01,14200.0,1211.0,150.55
2017-05-28 05:57:02,14200.0,1218.0,150.6
2017-05-28 05:58:02,14487.0,1217.0,152.96
2017-05-28 05:59:01,14487.0,1217.0,153.0
2017-05-28 06:00:03,14487.0,1216.5,152.99
2017-05-28 06:01:02,14487.0,1216.5,152.99
2017-05-28 06:02:02,14487.0,1216.5,152.99
2017-05-28 06:03:02,14487.0,1216.5,152.99
2017-05-28 06:04:02,14487.0,1210.0,151.99
2017-05-28 06:05:01,14487.0,1210.01,151.99
2017-05-28 06:06:01,14486.0,1216.96,153.0
2017-05-28 06:07:02,14489.0,1217.99,153.0
2017-05-28 06:08:02,14490.0,1218.0,152.5
2017-05-28 06:09:01,14487.0,1216.96,153.49
2017-05-28 06:10:02,14490.0,1219.8,153.49
2017-05-28 06:11:02,14490.0,1219.8,153.99
2017-05-28 06:12:01,14487.0,1219.79,153.98
2017-05-28 06:13:01,14486.0,1219.79,154.8
2017-05-28 06:14:02,14486.0,1217.99,153.0
2017-05-28 06:15:01,14486.0,1217.98,153.1
2017-05-28 06:16:02,14490.0,1217.99,153.01
2017-05-28 06:17:02,14490.0,1221.0,153.01
2017-05-28 06:18:02,14490.0,1221.0,154.77
2017-05-28 06:19:02,14498.0,1212.21,154.76
2017-05-28 06:20:02,14498.0,1227.0,155.0
2017-05-28 06:21:02,14498.0,1227.99,155.0
2017-05-28 06:22:02,14499.0,1228.0,155.0
2017-05-28 06:23:02,14499.0,1226.99,154.85
2017-05-28 06:24:01,14411.0,1228.0,154.5
2017-05-28 06:25:02,14500.0,1227.0,155.2
2017-05-28 06:26:02,14500.0,1231.0,155.89
2017-05-28 06:27:01,14500.0,1231.9,155.87
2017-05-28 06:28:01,14500.0,1232.01,155.87
2017-05-28 06:29:02,14500.0,1232.04,155.18
2017-05-28 06:30:02,14500.0,1233.68,155.0
2017-05-28 06:31:02,14500.0,1240.0,156.0
2017-05-28 06:32:02,14500.0,1246.11,156.0
2017-05-28 06:33:01,14500.0,1250.0,157.0
2017-05-28 06:34:02,14214.0,1252.0,156.0
2017-05-28 06:35:02,14448.0,1252.0,156.0
2017-05-28 06:36:01,14500.0,1254.99,157.0
2017-05-28 06:37:02,14500.0,1256.0,156.0
2017-05-28 06:38:02,14449.0,1259.0,155.53
2017-05-28 06:39:02,14500.0,1262.0,156.96
2017-05-28 06:40:02,14490.0,1264.99,157.47
2017-05-28 06:41:01,14450.0,1263.01,157.47
2017-05-28 06:42:01,14490.0,1261.01,157.46
2017-05-28 06:43:01,14489.0,1261.03,158.98
2017-05-28 06:44:01,14500.0,1262.01,160.0
2017-05-28 06:45:05,14448.0,1267.99,162.0
2017-05-28 06:46:05,14449.0,1268.0,160.98
2017-05-28 06:47:04,14450.0,1269.99,158.01
2017-05-28 06:48:04,14490.0,1270.0,160.0
2017-05-28 06:49:04,14449.0,1275.0,160.0
2017-05-28 06:50:08,14449.0,1271.0,159.0
2017-05-28 06:51:04,14450.0,1266.0,160.0
2017-05-28 06:52:04,14449.0,1270.0,159.0
2017-05-28 06:53:04,14449.0,1272.0,159.79
2017-05-28 06:54:04,14449.0,1273.0,159.8
2017-05-28 06:55:04,14448.98,1275.0,159.78
2017-05-28 06:56:04,14449.0,1275.75,159.2
2017-05-28 06:57:05,14448.98,1278.01,159.2
2017-05-28 06:58:04,14449.0,1288.0,160.48
2017-05-28 06:59:04,14448.0,1295.0,162.0
2017-05-28 07:00:12,14448.0,1299.99,160.2
2017-05-28 07:01:05,14400.0,1299.98,161.0
2017-05-28 07:02:04,14448.0,1298.0,162.4
2017-05-28 07:03:04,14500.0,1279.0,162.12
2017-05-28 07:04:04,14490.0,1284.0,162.0
2017-05-28 07:05:05,14697.0,1289.79,161.03
2017-05-28 07:06:04,14700.0,1296.99,161.05
2017-05-28 07:07:04,14700.0,1300.0,161.1
2017-05-28 07:08:05,14780.0,1291.99,161.0
2017-05-28 07:09:04,14750.0,1269.62,160.5
2017-05-28 07:10:08,14750.0,1272.0,160.5
2017-05-28 07:11:05,14500.0,1269.62,160.6
2017-05-28 07:12:04,14746.0,1294.99,161.2
2017-05-28 07:13:04,14746.0,1292.0,162.0
2017-05-28 07:14:05,14746.0,1284.01,162.6
2017-05-28 07:15:05,14740.0,1285.02,163.0
2017-05-28 07:16:04,14600.0,1286.19,164.6
2017-05-28 07:17:04,14750.0,1286.3,165.1
2017-05-28 07:18:05,14600.0,1290.01,165.88
2017-05-28 07:19:04,14790.0,1295.99,167.0
2017-05-28 07:20:12,14790.0,1295.99,164.8
2017-05-28 07:21:05,14751.0,1295.97,166.5
2017-05-28 07:22:04,14750.0,1291.01,166.5
2017-05-28 07:23:04,14750.0,1287.91,166.49
2017-05-28 07:24:04,14751.0,1287.94,166.6
2017-05-28 07:25:05,14772.0,1289.0,167.97
2017-05-28 07:26:04,14800.0,1289.9,167.97
2017-05-28 07:27:05,14800.0,1295.49,168.01
2017-05-28 07:28:05,14900.0,1299.0,168.2
2017-05-28 07:29:04,14840.0,1310.0,168.2
2017-05-28 07:30:08,14900.0,1318.98,168.96
2017-05-28 07:31:04,14800.0,1328.4,170.0
2017-05-28 07:32:04,14800.01,1322.0,172.0
2017-05-28 07:33:05,14800.0,1320.0,172.0
2017-05-28 07:34:04,14860.0,1323.01,171.0
2017-05-28 07:35:04,14860.0,1329.0,172.0
2017-05-28 07:36:05,14860.0,1339.74,171.5
2017-05-28 07:37:04,14859.0,1342.11,171.0
2017-05-28 07:38:04,14849.0,1348.0,170.33
2017-05-28 07:39:04,14790.0,1340.99,171.5
2017-05-28 07:40:12,14790.0,1332.01,171.5
2017-05-28 07:41:04,14790.0,1340.0,172.0
2017-05-28 07:42:04,14750.0,1341.0,171.9
2017-05-28 07:43:05,14790.0,1347.0,171.91
2017-05-28 07:44:04,14750.0,1339.0,171.3
2017-05-28 07:45:05,14750.0,1334.02,170.53
2017-05-28 07:46:04,14800.0,1340.0,170.0
2017-05-28 07:47:04,14799.0,1333.0,170.0
2017-05-28 07:48:04,14799.0,1315.0,169.22
2017-05-28 07:49:04,14750.0,1328.98,168.51
2017-05-28 07:50:08,14705.0,1329.0,168.0
2017-05-28 07:51:04,14705.0,1316.0,167.3
2017-05-28 07:52:05,14705.0,1325.56,167.3
2017-05-28 07:53:04,14705.0,1325.56,168.0
2017-05-28 07:54:04,14796.0,1324.0,167.32
2017-05-28 07:55:05,14707.0,1324.0,167.31
2017-05-28 07:56:05,14708.0,1320.0,167.32
2017-05-28 07:57:05,14708.0,1316.26,168.0
2017-05-28 07:58:04,14789.9,1313.2,168.0
2017-05-28 07:59:04,14789.9,1311.01,168.0
2017-05-28 08:00:11,14789.9,1311.01,169.0
2017-05-28 08:01:04,14789.9,1311.01,169.0
2017-05-28 08:02:05,14798.0,1318.98,169.8
2017-05-28 08:03:04,14798.0,1318.98,170.0
2017-05-28 08:04:04,14840.0,1315.0,171.0
2017-05-28 08:05:04,14850.0,1315.01,171.3
2017-05-28 08:06:04,14840.0,1320.0,172.5
2017-05-28 08:07:04,14850.0,1322.0,173.0
2017-05-28 08:08:04,14840.0,1319.99,173.48
2017-05-28 08:09:05,14849.0,1321.0,173.0
2017-05-28 08:10:08,14849.0,1318.93,172.9
2017-05-28 08:11:05,14900.0,1319.0,173.0
2017-05-28 08:12:04,14940.0,1322.0,173.48
2017-05-28 08:13:04,14940.0,1319.25,174.0
2017-05-28 08:14:05,14998.0,1320.0,174.5
2017-05-28 08:15:04,14998.0,1319.25,174.9
2017-05-28 08:16:04,15199.0,1316.0,174.99
2017-05-28 08:17:04,15301.0,1319.25,174.51
2017-05-28 08:18:04,15301.0,1319.25,174.0
2017-05-28 08:19:04,15478.0,1320.0,174.0
2017-05-28 08:20:11,15489.0,1323.0,174.5
2017-05-28 08:21:04,15438.56,1325.0,174.6
2017-05-28 08:22:04,15400.0,1325.0,174.58
2017-05-28 08:23:04,15400.0,1326.0,174.0
2017-05-28 08:24:05,15400.0,1326.0,174.58
2017-05-28 08:25:04,15050.0,1326.0,175.0
2017-05-28 08:26:04,15300.0,1325.0,175.0
2017-05-28 08:27:05,15350.0,1325.0,176.99
2017-05-28 08:28:04,15450.0,1325.0,178.0
2017-05-28 08:29:05,15400.0,1325.0,179.0
2017-05-28 08:30:08,15128.0,1325.0,177.0
2017-05-28 08:31:05,15399.0,1326.0,176.01
2017-05-28 08:32:04,15395.0,1328.97,175.6
2017-05-28 08:33:04,15222.0,1334.97,176.01
2017-05-28 08:34:04,15395.0,1334.97,176.53
2017-05-28 08:35:04,15300.0,1333.33,176.0
2017-05-28 08:36:04,15300.0,1330.32,175.88
2017-05-28 08:37:04,15299.0,1329.0,175.6
2017-05-28 08:38:04,15380.0,1326.88,174.8
2017-05-28 08:39:05,15380.0,1329.0,174.0
2017-05-28 08:40:11,15374.0,1326.9,173.9
2017-05-28 08:41:04,15378.0,1326.0,174.99
2017-05-28 08:42:04,15373.0,1322.01,175.5
2017-05-28 08:43:04,15300.0,1320.01,175.69
2017-05-28 08:44:02,15273.0,1319.0,176.0
2017-05-28 08:45:02,15380.0,1315.01,176.88
2017-05-28 08:46:02,15400.0,1313.99,175.5
2017-05-28 08:47:02,15380.0,1310.57,175.01
2017-05-28 08:48:01,15380.0,1313.01,175.49
2017-05-28 08:49:01,15306.0,1310.01,175.02
2017-05-28 08:50:02,15306.0,1303.53,175.02
2017-05-28 08:51:01,15365.0,1303.11,175.0
2017-05-28 08:52:02,15306.0,1308.99,175.5
2017-05-28 08:53:02,15306.0,1307.99,175.5
2017-05-28 08:54:01,15379.0,1305.01,176.88
2017-05-28 08:55:01,15306.0,1310.0,176.9
2017-05-28 08:56:01,15379.0,1317.99,175.0
2017-05-28 08:57:02,15350.0,1315.0,175.1
2017-05-28 08:58:01,15300.0,1313.97,176.0
2017-05-28 08:59:02,15379.0,1313.97,176.0
2017-05-28 09:00:03,15205.0,1306.4,176.02
2017-05-28 09:01:02,15339.0,1306.41,176.02
2017-05-28 09:02:01,15339.0,1307.0,176.79
2017-05-28 09:03:01,15300.0,1305.02,176.78
2017-05-28 09:04:02,15200.01,1301.0,175.31
2017-05-28 09:05:02,15320.0,1304.99,175.02
2017-05-28 09:06:01,15320.0,1301.99,175.99
2017-05-28 09:07:01,15199.0,1295.11,176.75
2017-05-28 09:08:02,15299.0,1300.0,176.77
2017-05-28 09:09:02,15200.0,1305.02,178.0
2017-05-28 09:10:02,15200.0,1307.7,177.99
2017-05-28 09:11:02,15297.0,1313.0,178.88
2017-05-28 09:12:01,15200.0,1315.99,178.88
2017-05-28 09:13:01,15249.0,1318.9,178.0
2017-05-28 09:14:02,15250.0,1316.02,178.8
2017-05-28 09:15:01,15199.0,1323.0,179.0
2017-05-28 09:16:02,15250.0,1323.0,178.0
2017-05-28 09:17:02,15249.0,1320.0,178.2
2017-05-28 09:18:02,15298.0,1320.01,178.1
2017-05-28 09:19:02,15154.0,1320.01,178.0
2017-05-28 09:20:03,15300.0,1320.01,177.01
2017-05-28 09:21:01,15300.0,1320.0,177.1
2017-05-28 09:22:01,15300.0,1314.11,177.99
2017-05-28 09:23:01,15150.0,1319.79,177.99
2017-05-28 09:24:02,15111.0,1314.61,178.2
2017-05-28 09:25:02,15000.0,1314.67,178.0
2017-05-28 09:26:01,15290.0,1314.0,178.49
2017-05-28 09:27:02,15289.0,1313.99,179.0
2017-05-28 09:28:01,15289.0,1310.01,179.7
2017-05-28 09:29:01,15200.0,1314.67,182.0
2017-05-28 09:30:02,15200.0,1318.99,181.3
2017-05-28 09:31:02,15200.0,1319.8,181.3
2017-05-28 09:32:01,15200.0,1319.81,182.0
2017-05-28 09:33:02,15200.0,1323.0,183.0
2017-05-28 09:34:02,15250.0,1320.0,182.99
2017-05-28 09:35:01,15286.0,1321.02,181.99
2017-05-28 09:36:02,15280.1,1321.01,181.0
2017-05-28 09:37:02,15280.1,1321.01,181.99
2017-05-28 09:38:02,15280.0,1322.49,183.49
2017-05-28 09:39:01,15287.0,1323.0,183.0
2017-05-28 09:40:02,15289.0,1322.99,183.3
2017-05-28 09:41:01,15300.0,1323.0,182.0
2017-05-28 09:42:01,15300.0,1323.0,182.0
2017-05-28 09:43:02,15306.0,1328.99,181.0
2017-05-28 09:44:01,15299.0,1318.0,181.01
2017-05-28 09:45:01,15288.0,1317.99,182.0
2017-05-28 09:46:02,15280.0,1317.91,181.4
2017-05-28 09:47:01,15278.0,1318.0,181.01
2017-05-28 09:48:02,15276.0,1318.0,181.0
2017-05-28 09:49:02,15276.0,1315.03,181.01
2017-05-28 09:50:03,15278.0,1318.99,181.5
2017-05-28 09:51:02,15278.0,1316.68,181.0
2017-05-28 09:52:02,15278.0,1315.0,180.3
2017-05-28 09:53:01,15205.0,1316.68,180.1
2017-05-28 09:54:02,15270.0,1316.68,180.99
2017-05-28 09:55:02,15270.0,1316.0,180.3
2017-05-28 09:56:02,15210.0,1315.0,180.0
2017-05-28 09:57:01,15210.0,1310.0,178.0
2017-05-28 09:58:02,15250.99,1311.0,178.51
2017-05-28 09:59:02,15210.0,1313.0,178.55
2017-05-28 10:00:03,15210.0,1302.38,178.0
2017-05-28 10:01:02,15274.99,1300.01,177.0
2017-05-28 10:02:01,15106.0,1303.0,176.23
2017-05-28 10:03:02,15106.0,1303.0,176.0
2017-05-28 10:04:02,15107.0,1302.99,174.5
2017-05-28 10:05:01,15264.0,1303.0,174.0
2017-05-28 10:06:01,15106.01,1300.0,176.0
2017-05-28 10:07:01,15250.0,1299.99,176.2
2017-05-28 10:08:01,15239.0,1299.99,176.24
2017-05-28 10:09:01,15220.0,1298.01,176.5
2017-05-28 10:10:02,15220.0,1292.03,177.0
2017-05-28 10:11:01,15107.0,1298.99,177.0
2017-05-28 10:12:01,15107.0,1298.98,176.5
2017-05-28 10:13:01,15108.0,1298.0,175.12
2017-05-28 10:14:02,15070.02,1295.0,174.99
2017-05-28 10:15:02,15050.0,1294.27,174.02
2017-05-28 10:16:02,15040.0,1293.0,173.5
2017-05-28 10:17:02,15004.01,1291.0,174.0
2017-05-28 10:18:01,15000.0,1283.01,173.0
2017-05-28 10:19:02,14900.0,1280.0,170.9
2017-05-28 10:20:02,14901.0,1278.0,169.99
2017-05-28 10:21:02,15001.01,1279.99,168.01
2017-05-28 10:22:02,15002.0,1279.99,170.02
2017-05-28 10:23:02,15050.0,1281.0,172.0
2017-05-28 10:24:01,15106.0,1290.01,174.8
2017-05-28 10:25:02,15186.01,1300.0,176.0
2017-05-28 10:26:01,15200.0,1299.0,173.0
2017-05-28 10:27:01,15250.0,1298.97,174.0
2017-05-28 10:28:01,15277.0,1297.87,174.0
2017-05-28 10:29:02,15288.0,1289.21,174.0
2017-05-28 10:30:03,15287.0,1297.87,174.99
2017-05-28 10:31:02,15277.0,1291.01,174.99
2017-05-28 10:32:02,15286.0,1291.01,174.99
2017-05-28 10:33:02,15198.99,1292.17,174.98
2017-05-28 10:34:02,15198.0,1299.0,174.5
2017-05-28 10:35:02,15198.1,1300.0,174.1
2017-05-28 10:36:02,15198.1,1306.13,174.95
2017-05-28 10:37:02,15198.0,1301.01,174.49
2017-05-28 10:38:01,15198.0,1304.98,174.0
2017-05-28 10:39:02,15228.0,1304.0,174.39
2017-05-28 10:40:03,15250.0,1300.0,174.99
2017-05-28 10:41:01,15228.0,1303.0,174.39
2017-05-28 10:42:01,15286.0,1301.31,174.39
2017-05-28 10:43:02,15249.99,1301.0,174.4
2017-05-28 10:44:01,15250.0,1296.0,174.5
2017-05-28 10:45:02,15249.99,1296.0,176.0
2017-05-28 10:46:01,15249.99,1295.11,176.0
2017-05-28 10:47:02,15250.0,1300.0,176.6
2017-05-28 10:48:02,15287.0,1298.01,177.89
2017-05-28 10:49:02,15250.0,1299.52,177.0
2017-05-28 10:50:02,15286.0,1300.0,176.01
2017-05-28 10:51:01,15288.0,1309.0,177.5
2017-05-28 10:52:02,15280.01,1305.11,177.01
2017-05-28 10:53:01,15288.0,1306.0,177.0
2017-05-28 10:54:01,15300.0,1308.63,177.0
2017-05-28 10:55:02,15330.0,1308.0,177.5
2017-05-28 10:56:02,15300.0,1308.53,177.75
2017-05-28 10:57:01,15350.0,1310.22,177.8
2017-05-28 10:58:02,15350.0,1313.19,179.01
2017-05-28 10:59:01,15350.0,1309.08,180.09
2017-05-28 11:00:03,15350.0,1312.9,180.0
2017-05-28 11:01:01,15365.0,1310.0,180.0
2017-05-28 11:02:02,15350.0,1312.6,179.2
2017-05-28 11:03:01,15379.0,1314.99,179.99
2017-05-28 11:04:01,15399.0,1317.98,179.8
2017-05-28 11:05:02,15400.0,1319.96,179.5
2017-05-28 11:06:01,15449.0,1319.77,179.2
2017-05-28 11:07:02,15450.0,1319.8,179.21
2017-05-28 11:08:02,15450.0,1318.44,180.0
2017-05-28 11:09:02,15400.99,1317.96,181.1
2017-05-28 11:10:02,15410.0,1317.95,181.33
2017-05-28 11:11:02,15409.99,1317.59,180.0
2017-05-28 11:12:02,15409.99,1315.0,179.37
2017-05-28 11:13:01,15410.0,1315.0,179.37
2017-05-28 11:14:02,15409.99,1315.0,179.0
2017-05-28 11:15:02,15410.0,1315.0,179.0
2017-05-28 11:16:01,15379.0,1310.07,178.0
2017-05-28 11:17:02,15350.0,1310.07,177.01
2017-05-28 11:18:01,15350.0,1312.33,177.0
2017-05-28 11:19:02,15350.0,1310.07,175.53
2017-05-28 11:20:02,15280.01,1310.0,175.54
2017-05-28 11:21:01,15280.01,1308.0,175.5
2017-05-28 11:22:02,15249.99,1306.02,175.0
2017-05-28 11:23:02,15409.99,1306.03,176.0
2017-05-28 11:24:02,15202.0,1311.99,177.5
2017-05-28 11:25:01,15350.0,1310.0,176.99
2017-05-28 11:26:02,15350.0,1312.33,176.1
2017-05-28 11:27:01,15348.0,1312.3,176.1
2017-05-28 11:28:02,15250.0,1320.59,176.8
2017-05-28 11:29:01,15250.0,1320.07,176.8
2017-05-28 11:30:02,15250.0,1320.0,176.0
2017-05-28 11:31:01,15250.0,1312.38,176.0
2017-05-28 11:32:02,15351.01,1312.39,176.11
2017-05-28 11:33:02,15397.0,1316.0,177.0
2017-05-28 11:34:02,15398.0,1312.33,176.16
2017-05-28 11:35:01,15398.0,1310.33,177.5
2017-05-28 11:36:01,15398.0,1310.42,176.16
2017-05-28 11:37:02,15300.0,1315.0,177.2
2017-05-28 11:38:02,15395.0,1315.0,177.0
2017-05-28 11:39:01,15395.0,1317.99,177.46
2017-05-28 11:40:02,15395.0,1315.01,177.0
2017-05-28 11:41:02,15300.0,1315.01,176.6
2017-05-28 11:42:01,15299.99,1315.0,176.99
2017-05-28 11:43:02,15300.0,1315.0,176.9
2017-05-28 11:44:01,15251.0,1311.27,176.61
2017-05-28 11:45:02,15251.0,1316.49,176.45
2017-05-28 11:46:02,15299.0,1313.0,176.2
2017-05-28 11:47:01,15200.0,1313.22,176.21
2017-05-28 11:48:02,15297.99,1313.0,176.2
2017-05-28 11:49:01,15200.0,1313.22,176.0
2017-05-28 11:50:02,15198.0,1313.22,176.0
2017-05-28 11:51:01,15109.09,1312.0,175.6
2017-05-28 11:52:01,15198.0,1311.27,175.6
2017-05-28 11:53:02,15200.0,1311.21,175.6
2017-05-28 11:54:02,15200.0,1306.99,176.0
2017-05-28 11:55:02,15200.0,1306.99,175.0
2017-05-28 11:56:02,15200.0,1306.99,175.1
2017-05-28 11:57:01,15200.0,1306.05,175.6
2017-05-28 11:58:01,15199.0,1309.17,176.0
2017-05-28 11:59:02,15111.0,1307.03,176.0
2017-05-28 12:00:03,15199.0,1307.51,176.0
2017-05-28 12:01:02,15199.0,1307.51,177.0
2017-05-28 12:02:01,15199.0,1307.51,177.0
2017-05-28 12:03:02,15199.0,1309.0,177.0
2017-05-28 12:04:02,15199.0,1309.16,176.6
2017-05-28 12:05:02,15270.0,1309.17,177.0
2017-05-28 12:06:02,15230.0,1309.17,175.3
2017-05-28 12:07:02,15200.0,1309.17,176.0
2017-05-28 12:08:01,15269.99,1309.16,176.0
2017-05-28 12:09:01,15269.99,1309.0,175.0
2017-05-28 12:10:02,15199.0,1309.0,175.0
2017-05-28 12:11:01,15270.0,1307.0,174.6
2017-05-28 12:12:01,15299.98,1306.5,174.65
2017-05-28 12:13:01,15250.0,1306.5,174.66
2017-05-28 12:14:01,15250.0,1306.5,175.0
2017-05-28 12:15:02,15250.0,1306.6,174.95
2017-05-28 12:16:01,15300.0,1307.64,175.0
2017-05-28 12:17:01,15300.0,1308.9,175.0
2017-05-28 12:18:02,15300.0,1307.64,175.0
2017-05-28 12:19:01,15300.0,1308.0,175.5
2017-05-28 12:20:03,15300.0,1308.0,176.0
2017-05-28 12:21:02,15300.0,1308.0,175.99
2017-05-28 12:22:02,15300.0,1308.01,175.99
2017-05-28 12:23:01,15300.0,1308.0,175.99
2017-05-28 12:24:01,15202.0,1309.0,175.2
2017-05-28 12:25:02,15202.0,1309.0,175.2
2017-05-28 12:26:02,15288.0,1309.0,175.0
2017-05-28 12:27:02,15288.0,1309.0,175.1
2017-05-28 12:28:01,15288.0,1309.0,174.6
2017-05-28 12:29:01,15203.01,1309.0,174.6
2017-05-28 12:30:02,15299.98,1309.0,174.6
2017-05-28 12:31:01,15299.98,1308.8,174.9
2017-05-28 12:32:01,15202.0,1309.0,174.7
2017-05-28 12:33:01,15201.99,1309.0,174.7
2017-05-28 12:34:02,15201.0,1308.09,174.9
2017-05-28 12:35:02,15201.0,1308.0,174.91
2017-05-28 12:36:02,15196.99,1304.0,175.1
2017-05-28 12:37:01,15202.0,1302.02,175.5
2017-05-28 12:38:02,15202.0,1300.0,175.5
2017-05-28 12:39:01,15202.0,1298.2,175.1
2017-05-28 12:40:02,15202.0,1298.15,175.6
2017-05-28 12:41:02,15150.0,1298.16,176.5
2017-05-28 12:42:02,15150.0,1300.0,176.5
2017-05-28 12:43:02,15150.0,1299.0,176.8
2017-05-28 12:44:01,15112.0,1298.17,175.51
2017-05-28 12:45:02,15121.01,1297.15,175.5
2017-05-28 12:46:02,15111.0,1295.01,175.0
2017-05-28 12:47:02,15199.97,1295.88,174.23
2017-05-28 12:48:02,15199.97,1293.0,173.68
2017-05-28 12:49:01,15110.99,1293.0,173.69
2017-05-28 12:50:03,15109.05,1292.03,173.52
2017-05-28 12:51:01,15110.05,1292.02,174.2
2017-05-28 12:52:02,15110.05,1292.0,175.5
2017-05-28 12:53:02,15110.05,1297.14,175.6
2017-05-28 12:54:02,15110.05,1293.04,176.0
2017-05-28 12:55:02,15110.05,1293.0,175.95
2017-05-28 12:56:02,15110.05,1294.0,174.5
2017-05-28 12:57:01,15113.0,1294.0,175.51
2017-05-28 12:58:01,15113.01,1297.15,175.5
2017-05-28 12:59:02,15113.01,1308.08,175.51
2017-05-28 13:00:03,15113.01,1308.08,174.99
2017-05-28 13:01:01,15200.0,1307.89,175.49
2017-05-28 13:02:02,15250.0,1306.99,175.47
2017-05-28 13:03:02,15250.0,1306.99,175.0
2017-05-28 13:04:02,15250.0,1305.99,175.46
2017-05-28 13:05:03,15250.0,1300.0,175.0
2017-05-28 13:06:01,15250.0,1300.03,175.0
2017-05-28 13:07:02,15250.0,1305.0,175.1
2017-05-28 13:08:02,15250.0,1304.99,175.01
2017-05-28 13:09:01,15251.0,1300.67,175.01
2017-05-28 13:10:03,15251.0,1300.0,175.4
2017-05-28 13:11:01,15251.0,1300.0,175.4
2017-05-28 13:12:02,15350.0,1300.0,175.46
2017-05-28 13:13:01,15364.99,1300.01,175.4
2017-05-28 13:14:02,15364.99,1300.0,175.38
2017-05-28 13:15:02,15364.99,1300.0,175.0
2017-05-28 13:16:01,15294.0,1298.0,175.0
2017-05-28 13:17:01,15346.0,1298.0,174.52
2017-05-28 13:18:01,15346.0,1298.0,174.52
2017-05-28 13:19:02,15299.98,1294.31,174.52
2017-05-28 13:20:02,15269.98,1294.3,174.5
2017-05-28 13:21:01,15200.0,1294.3,174.5
2017-05-28 13:22:02,15115.0,1294.22,174.5
2017-05-28 13:23:01,15150.0,1294.22,175.0
2017-05-28 13:24:02,15200.0,1294.22,174.0
2017-05-28 13:25:02,15200.0,1294.22,174.0
2017-05-28 13:26:01,15250.0,1294.22,174.0
2017-05-28 13:27:01,15249.0,1285.0,173.8
2017-05-28 13:28:01,15249.0,1285.01,173.56
2017-05-28 13:29:01,15160.0,1286.0,173.59
2017-05-28 13:30:02,15160.0,1289.21,173.66
2017-05-28 13:31:01,15247.0,1286.1,173.59
2017-05-28 13:32:01,15247.0,1286.11,173.29
2017-05-28 13:33:02,15247.0,1286.0,173.59
2017-05-28 13:34:01,15240.0,1285.0,173.59
2017-05-28 13:35:02,15200.0,1283.0,173.59
2017-05-28 13:36:02,15180.0,1281.0,173.59
2017-05-28 13:37:02,15115.0,1278.01,174.4
2017-05-28 13:38:01,15115.0,1278.0,173.17
2017-05-28 13:39:02,15113.01,1270.03,173.97
2017-05-28 13:40:02,15108.0,1271.01,173.19
2017-05-28 13:41:02,15108.0,1268.0,173.17
2017-05-28 13:42:01,15160.0,1260.03,173.02
2017-05-28 13:43:01,15008.0,1258.05,173.0
2017-05-28 13:44:02,15001.01,1259.99,171.01
2017-05-28 13:45:02,15000.0,1258.02,171.01
2017-05-28 13:46:01,15000.0,1258.03,170.5
2017-05-28 13:47:02,14900.0,1261.99,170.0
2017-05-28 13:48:01,14850.0,1252.01,169.0
2017-05-28 13:49:02,14809.0,1250.0,168.3
2017-05-28 13:50:02,14789.9,1243.0,167.0
2017-05-28 13:51:02,14700.02,1240.1,166.0
2017-05-28 13:52:01,14700.02,1240.0,166.0
2017-05-28 13:53:02,14600.01,1230.01,165.71
2017-05-28 13:54:01,14750.0,1228.0,165.71
2017-05-28 13:55:02,14790.9,1228.0,167.0
2017-05-28 13:56:02,14790.0,1227.98,168.7
2017-05-28 13:57:02,14680.0,1241.0,170.09
2017-05-28 13:58:02,14700.0,1241.89,170.0
2017-05-28 13:59:01,14700.0,1243.01,167.11
2017-05-28 14:00:02,14790.9,1245.31,167.0
2017-05-28 14:01:01,14680.0,1240.01,166.0
2017-05-28 14:02:01,14790.9,1240.26,165.2
2017-05-28 14:03:02,14790.9,1236.01,166.01
2017-05-28 14:04:01,14800.0,1240.0,166.99
2017-05-28 14:05:02,14890.0,1239.99,167.5
2017-05-28 14:06:01,14999.0,1240.0,169.0
2017-05-28 14:07:01,14999.0,1267.99,169.0
2017-05-28 14:08:02,14805.0,1275.97,169.0
2017-05-28 14:09:01,14806.0,1253.01,169.2
2017-05-28 14:10:02,15010.0,1255.01,169.69
2017-05-28 14:11:02,15010.0,1270.01,170.99
2017-05-28 14:12:01,14811.0,1271.0,173.0
2017-05-28 14:13:02,15000.0,1275.0,172.3
2017-05-28 14:14:01,15000.0,1271.0,172.0
2017-05-28 14:15:02,14851.0,1271.99,169.69
2017-05-28 14:16:02,14852.01,1260.0,170.0
2017-05-28 14:17:01,14852.01,1263.01,170.4
2017-05-28 14:18:02,14855.0,1263.5,171.01
2017-05-28 14:19:01,14950.0,1267.0,171.9
2017-05-28 14:20:03,14852.01,1264.0,171.6
2017-05-28 14:21:01,14852.11,1254.0,171.01
2017-05-28 14:22:02,14852.11,1255.01,170.0
2017-05-28 14:23:02,14862.11,1259.99,170.0
2017-05-28 14:24:02,14949.0,1259.99,170.0
2017-05-28 14:25:02,14852.17,1260.11,169.5
2017-05-28 14:26:01,14853.0,1260.01,168.0
2017-05-28 14:27:02,14853.0,1258.02,168.1
2017-05-28 14:28:01,14854.1,1258.01,169.0
2017-05-28 14:29:01,14854.1,1254.06,168.23
2017-05-28 14:30:02,14854.1,1254.06,169.49
2017-05-28 14:31:02,14854.1,1254.0,169.48
2017-05-28 14:32:01,14854.1,1252.0,169.4
2017-05-28 14:33:02,14899.99,1250.0,169.25
2017-05-28 14:34:02,14855.0,1250.02,168.25
2017-05-28 14:35:02,14855.0,1257.99,168.25
2017-05-28 14:36:02,14899.99,1257.99,168.15
2017-05-28 14:37:01,14855.0,1257.99,167.5
2017-05-28 14:38:01,14855.0,1250.11,167.02
2017-05-28 14:39:02,14855.0,1250.11,167.5
2017-05-28 14:40:02,14855.0,1256.79,167.55
2017-05-28 14:41:01,14855.0,1254.15,167.8
2017-05-28 14:42:02,14855.0,1253.21,167.51
2017-05-28 14:43:02,14895.0,1250.51,167.8
2017-05-28 14:44:01,14895.0,1257.98,167.78
2017-05-28 14:45:02,14895.0,1263.0,168.0
2017-05-28 14:46:01,14856.1,1257.98,168.0
2017-05-28 14:47:02,14894.01,1259.91,168.0
2017-05-28 14:48:01,14894.01,1259.91,168.25
2017-05-28 14:49:01,14894.01,1259.91,167.31
2017-05-28 14:50:02,14895.0,1256.62,167.33
2017-05-28 14:51:01,14895.0,1256.62,167.95
2017-05-28 14:52:01,14895.0,1256.62,167.35
2017-05-28 14:53:01,14895.0,1252.11,167.0
2017-05-28 14:54:01,14895.0,1252.1,166.4
2017-05-28 14:55:02,14895.0,1253.25,167.5
2017-05-28 14:56:02,14944.99,1237.0,167.5
2017-05-28 14:57:01,14800.0,1237.0,167.0
2017-05-28 14:58:02,14800.0,1237.03,167.3
2017-05-28 14:59:01,14800.0,1240.0,167.3
2017-05-28 15:00:03,14800.0,1248.0,167.3
2017-05-28 15:01:02,14790.9,1248.0,167.88
2017-05-28 15:02:02,14710.01,1240.11,167.5
2017-05-28 15:03:02,14710.0,1240.12,167.88
2017-05-28 15:04:01,14799.99,1252.15,167.5
2017-05-28 15:05:02,14799.99,1252.15,167.5
2017-05-28 15:06:02,14800.0,1252.15,167.2
2017-05-28 15:07:01,14800.0,1249.0,167.2
2017-05-28 15:08:01,14800.0,1240.5,167.49
2017-05-28 15:09:01,14799.99,1248.0,167.51
2017-05-28 15:10:02,14799.99,1248.0,167.87
2017-05-28 15:11:01,14799.99,1253.14,167.85
2017-05-28 15:12:02,14799.99,1248.51,167.47
2017-05-28 15:13:02,14799.99,1248.51,167.85
2017-05-28 15:14:02,14710.0,1248.5,167.85
2017-05-28 15:15:02,14700.0,1248.51,167.85
2017-05-28 15:16:02,14705.0,1242.52,167.85
2017-05-28 15:17:01,14880.0,1242.52,169.5
2017-05-28 15:18:01,14890.0,1264.96,170.0
2017-05-28 15:19:02,14950.0,1264.0,170.0
2017-05-28 15:20:03,14990.0,1263.95,170.85
2017-05-28 15:21:02,15000.1,1265.99,170.0
2017-05-28 15:22:01,15001.0,1273.0,171.48
2017-05-28 15:23:02,15002.0,1276.0,171.47
2017-05-28 15:24:02,15198.0,1277.5,170.7
2017-05-28 15:25:02,15008.0,1277.99,170.6
2017-05-28 15:26:02,15008.0,1270.05,170.5
2017-05-28 15:27:01,15008.0,1271.21,170.5
2017-05-28 15:28:02,15011.0,1276.01,169.5
2017-05-28 15:29:01,15186.0,1276.47,170.0
2017-05-28 15:30:02,15120.0,1275.99,170.5
2017-05-28 15:31:01,15115.0,1276.0,170.01
2017-05-28 15:32:01,15015.0,1273.0,170.5
2017-05-28 15:33:02,15015.0,1273.11,170.02
2017-05-28 15:34:01,15015.0,1280.0,171.04
2017-05-28 15:35:02,15100.0,1286.0,171.0
2017-05-28 15:36:01,15100.0,1287.8,171.5
2017-05-28 15:37:02,15100.0,1289.99,171.49
2017-05-28 15:38:02,15100.0,1287.8,169.01
2017-05-28 15:39:02,15185.99,1280.19,171.5
2017-05-28 15:40:02,15200.0,1280.81,171.4
2017-05-28 15:41:02,15198.0,1287.0,171.99
2017-05-28 15:42:02,15198.0,1282.81,172.0
2017-05-28 15:43:02,15108.0,1286.87,172.8
2017-05-28 15:44:02,15198.0,1282.8,172.99
2017-05-28 15:45:02,15108.0,1280.0,172.27
2017-05-28 15:46:01,15198.0,1270.5,172.27
2017-05-28 15:47:02,15160.0,1270.51,172.01
2017-05-28 15:48:02,15160.0,1274.94,172.01
2017-05-28 15:49:02,15198.0,1272.02,172.0
2017-05-28 15:50:02,15198.0,1272.02,172.0
2017-05-28 15:51:01,15197.0,1278.01,172.0
2017-05-28 15:52:01,15195.0,1285.91,172.95
2017-05-28 15:53:02,15194.0,1285.0,172.6
2017-05-28 15:54:02,15197.0,1285.0,173.0
2017-05-28 15:55:02,15197.0,1285.0,173.8
2017-05-28 15:56:02,15196.99,1284.0,174.0
2017-05-28 15:57:02,15196.99,1285.0,174.6
2017-05-28 15:58:02,15160.0,1285.89,174.9
2017-05-28 15:59:02,15160.0,1285.0,173.01
2017-05-28 16:00:02,15160.0,1284.0,173.01
2017-05-28 16:01:01,15199.0,1281.01,173.85
2017-05-28 16:02:02,15160.0,1280.0,173.02
2017-05-28 16:03:01,15160.0,1280.01,173.85
2017-05-28 16:04:02,15160.0,1280.03,173.02
2017-05-28 16:05:02,15180.0,1280.96,173.3
2017-05-28 16:06:02,15180.0,1281.15,173.02
2017-05-28 16:07:02,15170.0,1280.02,172.0
2017-05-28 16:08:01,15180.0,1280.02,173.0
2017-05-28 16:09:02,15190.0,1279.38,173.0
2017-05-28 16:10:02,15190.0,1278.0,172.0
2017-05-28 16:11:02,15190.0,1278.0,172.0
2017-05-28 16:12:02,15190.0,1278.0,172.0
2017-05-28 16:13:02,15190.0,1278.0,172.0
2017-05-28 16:14:02,15190.0,1278.0,172.98
2017-05-28 16:15:03,15190.0,1273.01,172.98
2017-05-28 16:16:02,15190.0,1273.0,172.03
2017-05-28 16:17:01,15111.01,1273.01,172.0
2017-05-28 16:18:01,15111.01,1278.0,171.0
2017-05-28 16:19:01,15180.0,1278.0,171.0
2017-05-28 16:20:02,15111.01,1277.99,172.0
2017-05-28 16:21:01,15111.01,1279.38,171.0
2017-05-28 16:22:01,15179.99,1281.98,171.8
2017-05-28 16:23:01,15015.0,1280.0,171.8
2017-05-28 16:24:02,15015.0,1280.0,171.8
2017-05-28 16:25:03,15015.0,1280.0,171.5
2017-05-28 16:26:02,15015.0,1279.97,170.55
2017-05-28 16:27:02,15001.0,1278.0,171.64
2017-05-28 16:28:02,15015.0,1277.0,171.57
2017-05-28 16:29:01,15015.0,1277.0,170.65
2017-05-28 16:30:02,15160.0,1277.0,170.65
2017-05-28 16:31:02,15177.0,1278.5,171.38
2017-05-28 16:32:02,15001.0,1276.09,171.0
2017-05-28 16:33:01,15001.0,1276.09,170.21
2017-05-28 16:34:01,15166.0,1276.09,170.99
2017-05-28 16:35:02,15002.0,1279.0,170.99
2017-05-28 16:36:02,15002.0,1276.16,170.5
2017-05-28 16:37:02,15148.98,1276.17,170.5
2017-05-28 16:38:02,15001.0,1276.17,170.5
2017-05-28 16:39:02,15002.0,1276.31,170.0
2017-05-28 16:40:03,15001.0,1279.0,169.49
2017-05-28 16:41:01,15000.0,1279.0,169.5
2017-05-28 16:42:01,15000.0,1279.0,169.03
2017-05-28 16:43:01,14999.99,1280.0,169.99
2017-05-28 16:44:01,15149.0,1279.0,170.5
2017-05-28 16:45:02,15149.0,1282.96,171.0
2017-05-28 16:46:01,15148.0,1276.28,171.0
2017-05-28 16:47:01,15148.0,1276.27,171.0
2017-05-28 16:48:02,15000.0,1276.29,171.0
2017-05-28 16:49:02,14999.99,1276.29,171.3
2017-05-28 16:50:02,14999.0,1280.0,171.3
2017-05-28 16:51:01,14999.0,1278.73,170.6
2017-05-28 16:52:01,15100.0,1278.73,170.7
2017-05-28 16:53:01,14901.0,1276.09,170.7
2017-05-28 16:54:02,15099.0,1276.09,170.7
2017-05-28 16:55:02,15100.0,1279.15,170.7
2017-05-28 16:56:01,15100.0,1279.99,170.7
2017-05-28 16:57:02,15100.0,1279.99,170.7
2017-05-28 16:58:02,15100.0,1279.99,170.9
2017-05-28 16:59:02,15100.0,1279.16,171.14
2017-05-28 17:00:02,15100.0,1279.99,171.3
2017-05-28 17:01:02,14906.0,1279.99,172.0
2017-05-28 17:02:02,15149.0,1279.99,172.85
2017-05-28 17:03:01,15149.0,1279.99,173.0
2017-05-28 17:04:02,15149.0,1279.99,174.44
2017-05-28 17:05:02,15147.99,1279.99,172.85
2017-05-28 17:06:02,15147.99,1282.97,172.51
2017-05-28 17:07:02,14911.01,1282.97,173.0
2017-05-28 17:08:02,15147.98,1279.21,172.52
2017-05-28 17:09:02,15147.98,1283.0,172.5
2017-05-28 17:10:02,15147.98,1283.0,172.51
2017-05-28 17:11:02,15147.98,1289.99,173.0
2017-05-28 17:12:02,15147.98,1290.0,172.52
2017-05-28 17:13:02,15050.0,1289.98,172.99
2017-05-28 17:14:02,15050.0,1285.0,172.51
2017-05-28 17:15:02,15050.01,1289.97,172.8
2017-05-28 17:16:01,15050.01,1290.0,173.0
2017-05-28 17:17:01,15145.0,1295.83,173.58
2017-05-28 17:18:01,15145.0,1295.83,173.03
2017-05-28 17:19:02,15061.0,1291.0,173.58
2017-05-28 17:20:02,15141.0,1295.0,173.5
2017-05-28 17:21:01,15062.0,1292.0,173.55
2017-05-28 17:22:01,15062.0,1291.01,173.1
2017-05-28 17:23:02,15062.0,1294.89,172.9
2017-05-28 17:24:01,15062.0,1294.89,172.9
2017-05-28 17:25:02,15125.0,1294.89,172.81
2017-05-28 17:26:02,15130.0,1291.5,173.0
2017-05-28 17:27:02,15130.0,1292.0,173.58
2017-05-28 17:28:02,15063.0,1294.0,173.0
2017-05-28 17:29:02,15063.0,1294.0,173.0
2017-05-28 17:30:02,15150.0,1294.0,172.8
2017-05-28 17:31:01,15180.0,1293.9,173.0
2017-05-28 17:32:01,15180.0,1293.9,172.81
2017-05-28 17:33:02,15180.0,1293.9,173.5
2017-05-28 17:34:01,15190.0,1293.9,173.5
2017-05-28 17:35:02,15190.0,1290.83,173.5
2017-05-28 17:36:02,15180.0,1288.0,174.52
2017-05-28 17:37:02,15190.0,1286.51,174.1
2017-05-28 17:38:01,15180.0,1287.0,173.02
2017-05-28 17:39:01,15200.0,1292.99,173.2
2017-05-28 17:40:03,15200.0,1292.89,173.92
2017-05-28 17:41:02,15210.0,1292.89,174.4
2017-05-28 17:42:02,15210.0,1287.0,174.4
2017-05-28 17:43:02,15210.0,1292.79,173.3
2017-05-28 17:44:02,15210.0,1287.5,174.0
2017-05-28 17:45:02,15210.0,1290.68,173.99
2017-05-28 17:46:02,15210.0,1290.69,173.98
2017-05-28 17:47:02,15200.0,1290.69,173.99
2017-05-28 17:48:01,15200.0,1290.69,173.0
2017-05-28 17:49:01,15200.0,1290.0,173.0
2017-05-28 17:50:02,15150.01,1290.0,173.0
2017-05-28 17:51:02,15101.0,1287.77,173.97
2017-05-28 17:52:02,15100.01,1287.77,173.9
2017-05-28 17:53:02,15150.01,1280.01,173.9
2017-05-28 17:54:02,15100.01,1279.2,173.0
2017-05-28 17:55:02,15150.01,1280.02,173.5
2017-05-28 17:56:02,15200.0,1280.02,173.1
2017-05-28 17:57:02,15200.0,1280.92,173.1
2017-05-28 17:58:02,15100.02,1280.91,173.88
2017-05-28 17:59:01,15200.0,1272.33,173.78
2017-05-28 18:00:03,15200.0,1272.81,173.8
2017-05-28 18:01:01,15200.0,1272.83,173.88
2017-05-28 18:02:02,15210.0,1272.33,174.2
2017-05-28 18:03:02,15210.0,1281.99,174.2
2017-05-28 18:04:02,15210.0,1283.01,174.3
2017-05-28 18:05:02,15200.0,1284.98,174.0
2017-05-28 18:06:02,15150.0,1287.0,173.86
2017-05-28 18:07:02,15150.0,1286.0,172.82
2017-05-28 18:08:01,15150.0,1286.0,173.0
2017-05-28 18:09:02,15150.0,1288.02,172.8
2017-05-28 18:10:02,15190.0,1288.02,172.8
2017-05-28 18:11:01,15150.0,1289.71,173.0
2017-05-28 18:12:01,15150.0,1287.9,173.6
2017-05-28 18:13:01,15150.0,1287.9,173.0
2017-05-28 18:14:01,15149.0,1287.86,173.3
2017-05-28 18:15:02,15147.99,1287.99,173.7
2017-05-28 18:16:01,15147.99,1287.99,173.7
2017-05-28 18:17:02,15147.99,1287.95,173.7
2017-05-28 18:18:02,15147.99,1290.0,173.79
2017-05-28 18:19:02,15147.99,1293.03,173.0
2017-05-28 18:20:03,15147.99,1294.0,173.7
2017-05-28 18:21:02,15147.99,1294.0,173.02
2017-05-28 18:22:02,15147.99,1299.0,173.02
2017-05-28 18:23:02,15147.99,1299.0,173.1
2017-05-28 18:24:02,15111.0,1295.84,173.78
2017-05-28 18:25:03,15111.0,1298.8,173.7
2017-05-28 18:26:02,15111.0,1294.28,173.7
2017-05-28 18:27:02,15111.0,1293.03,173.7
2017-05-28 18:28:02,15111.0,1293.03,173.7
2017-05-28 18:29:02,15111.0,1294.0,173.68
2017-05-28 18:30:02,15111.0,1297.99,173.11
2017-05-28 18:31:01,15147.94,1297.0,173.68
2017-05-28 18:32:02,15147.94,1293.01,173.12
2017-05-28 18:33:01,15147.95,1293.0,173.68
2017-05-28 18:34:01,15147.95,1293.0,173.12
2017-05-28 18:35:02,15111.0,1293.0,173.1
2017-05-28 18:36:02,15111.0,1292.0,173.0
2017-05-28 18:37:02,15101.0,1290.0,173.5
2017-05-28 18:38:02,15100.01,1290.0,173.0
2017-05-28 18:39:02,15100.01,1291.98,173.0
2017-05-28 18:40:02,15146.99,1291.98,173.0
2017-05-28 18:41:01,15100.01,1291.98,173.0
2017-05-28 18:42:01,15100.01,1291.98,173.48
2017-05-28 18:43:01,15100.01,1290.89,173.0
2017-05-28 18:44:02,15100.01,1285.01,173.0
2017-05-28 18:45:02,15100.02,1288.73,172.0
2017-05-28 18:46:01,15100.02,1288.73,172.0
2017-05-28 18:47:01,15146.0,1288.0,172.0
2017-05-28 18:48:01,15146.0,1288.0,172.0
2017-05-28 18:49:02,15100.02,1288.0,172.97
2017-05-28 18:50:03,15100.02,1287.0,171.7
2017-05-28 18:51:01,15100.02,1291.97,172.5
2017-05-28 18:52:02,15100.0,1292.0,171.01
2017-05-28 18:53:02,15100.0,1292.0,172.0
2017-05-28 18:54:02,15100.0,1293.03,172.49
2017-05-28 18:55:02,15062.0,1293.03,172.0
2017-05-28 18:56:02,15051.0,1293.03,172.0
2017-05-28 18:57:02,15051.0,1293.03,171.51
2017-05-28 18:58:02,15051.0,1288.03,171.55
2017-05-28 18:59:02,15051.0,1287.0,171.56
2017-05-28 19:00:02,15050.01,1287.0,171.56
2017-05-28 19:01:01,15051.0,1288.01,171.9
2017-05-28 19:02:02,15050.01,1288.01,171.0
2017-05-28 19:03:02,15001.0,1284.52,171.0
2017-05-28 19:04:02,15050.01,1284.5,170.1
2017-05-28 19:05:02,15050.01,1285.27,170.09
2017-05-28 19:06:02,15050.01,1284.08,170.09
2017-05-28 19:07:02,15001.0,1284.06,171.0
2017-05-28 19:08:02,15001.0,1280.0,170.58
2017-05-28 19:09:01,14999.99,1283.09,170.6
2017-05-28 19:10:02,14911.0,1283.09,170.6
2017-05-28 19:11:01,14900.0,1280.0,170.6
2017-05-28 19:12:02,14880.01,1280.0,171.0
2017-05-28 19:13:02,14880.01,1273.01,171.85
2017-05-28 19:14:01,14880.01,1273.01,170.6
2017-05-28 19:15:03,14892.0,1272.1,170.09
2017-05-28 19:16:02,14892.0,1269.0,170.6
2017-05-28 19:17:01,14910.99,1265.0,170.09
2017-05-28 19:18:01,14899.99,1264.99,170.1
2017-05-28 19:19:01,14899.99,1271.0,170.1
2017-05-28 19:20:03,14899.99,1274.0,170.1
2017-05-28 19:21:01,15040.0,1275.0,170.1
2017-05-28 19:22:02,15040.0,1272.01,170.1
2017-05-28 19:23:01,15040.0,1272.01,171.8
2017-05-28 19:24:01,14910.0,1286.99,171.8
2017-05-28 19:25:02,14910.0,1286.99,171.8
2017-05-28 19:26:01,14910.0,1277.07,170.81
2017-05-28 19:27:01,14910.0,1277.11,171.8
2017-05-28 19:28:01,14912.0,1277.02,171.9
2017-05-28 19:29:02,14915.0,1277.0,171.0
2017-05-28 19:30:03,14915.0,1269.98,171.9
2017-05-28 19:31:01,14919.0,1266.1,171.09
2017-05-28 19:32:02,14919.0,1276.99,171.09
2017-05-28 19:33:02,14919.0,1268.01,171.8
2017-05-28 19:34:01,15040.0,1268.64,171.8
2017-05-28 19:35:02,15040.0,1269.01,171.5
2017-05-28 19:36:02,14940.0,1269.01,171.5
2017-05-28 19:37:02,14940.0,1276.89,171.5
2017-05-28 19:38:02,15040.0,1276.89,171.89
2017-05-28 19:39:02,15040.0,1276.89,171.9
2017-05-28 19:40:03,14950.0,1276.89,171.89
2017-05-28 19:41:01,14950.0,1276.89,172.49
2017-05-28 19:42:01,14952.0,1276.98,172.49
2017-05-28 19:43:02,14952.0,1276.98,172.49
2017-05-28 19:44:01,14953.0,1285.0,172.49
2017-05-28 19:45:02,14953.0,1280.01,172.0
2017-05-28 19:46:02,14953.0,1281.03,172.0
2017-05-28 19:47:02,14953.0,1281.07,172.0
2017-05-28 19:48:02,14953.0,1281.08,171.25
2017-05-28 19:49:02,15040.0,1281.08,172.0
2017-05-28 19:50:02,14990.0,1280.0,172.0
2017-05-28 19:51:02,15100.01,1273.09,172.0
2017-05-28 19:52:02,15040.0,1273.09,172.0
2017-05-28 19:53:02,15040.0,1280.5,172.0
2017-05-28 19:54:02,15040.0,1280.5,172.0
2017-05-28 19:55:02,14945.0,1276.0,172.0
2017-05-28 19:56:01,14944.99,1276.01,171.0
2017-05-28 19:57:01,14919.0,1275.0,171.24
2017-05-28 19:58:01,14919.0,1274.88,170.84
2017-05-28 19:59:02,14919.0,1273.09,171.0
2017-05-28 20:00:03,14919.0,1273.0,171.0
2017-05-28 20:01:02,14919.0,1272.96,171.85
2017-05-28 20:02:02,14919.0,1268.81,171.85
2017-05-28 20:03:02,14919.0,1269.03,171.83
2017-05-28 20:04:02,14944.99,1269.04,171.8
2017-05-28 20:05:02,14911.0,1276.89,170.83
2017-05-28 20:06:02,14911.0,1276.89,170.82
2017-05-28 20:07:01,14944.99,1269.51,170.83
2017-05-28 20:08:02,14945.0,1276.79,170.5
2017-05-28 20:09:02,14945.0,1276.79,170.83
2017-05-28 20:10:02,14945.0,1276.79,170.83
2017-05-28 20:11:02,14957.99,1276.0,170.8
2017-05-28 20:12:01,14957.99,1276.0,170.8
2017-05-28 20:13:02,14957.99,1276.0,171.8
2017-05-28 20:14:01,14957.99,1268.8,171.83
2017-05-28 20:15:02,15098.99,1267.0,171.83
2017-05-28 20:16:01,15097.99,1276.0,171.0
2017-05-28 20:17:01,14945.0,1267.0,171.02
2017-05-28 20:18:02,14945.0,1276.0,171.83
2017-05-28 20:19:02,14945.0,1276.79,171.83
2017-05-28 20:20:02,14945.0,1276.78,171.83
2017-05-28 20:21:02,14945.0,1276.0,171.83
2017-05-28 20:22:02,14945.0,1276.0,171.4
2017-05-28 20:23:02,14945.0,1272.99,171.4
2017-05-28 20:24:02,14945.0,1270.09,171.4
2017-05-28 20:25:02,14950.0,1269.0,171.2
2017-05-28 20:26:01,14950.0,1270.0,171.2
2017-05-28 20:27:01,14950.0,1270.0,170.21
2017-05-28 20:28:01,14944.99,1270.09,170.2
2017-05-28 20:29:02,14944.99,1274.1,171.2
2017-05-28 20:30:02,14920.0,1270.09,170.0
2017-05-28 20:31:01,14920.0,1270.09,171.0
2017-05-28 20:32:02,14920.0,1270.09,170.21
2017-05-28 20:33:01,14910.0,1269.0,170.99
2017-05-28 20:34:02,14800.0,1268.98,170.22
2017-05-28 20:35:02,14706.0,1266.0,170.0
2017-05-28 20:36:02,14706.0,1265.71,169.1
2017-05-28 20:37:01,14947.0,1265.05,169.1
2017-05-28 20:38:02,14947.0,1265.05,169.1
2017-05-28 20:39:01,14780.03,1264.34,169.8
2017-05-28 20:40:02,14780.03,1264.35,169.12
2017-05-28 20:41:02,14950.0,1257.02,169.1
2017-05-28 20:42:02,14800.01,1255.0,169.1
2017-05-28 20:43:02,14800.0,1259.0,169.12
2017-05-28 20:44:02,14800.0,1259.0,169.8
2017-05-28 20:45:03,14766.0,1260.0,169.2
2017-05-28 20:46:02,14769.0,1260.0,169.2
2017-05-28 20:47:01,14769.0,1260.0,169.2
2017-05-28 20:48:02,14769.0,1260.0,169.2
2017-05-28 20:49:02,14769.0,1260.0,169.22
2017-05-28 20:50:03,14769.0,1259.0,169.2
2017-05-28 20:51:02,14766.0,1259.0,169.5
2017-05-28 20:52:02,14766.01,1256.98,169.5
2017-05-28 20:53:02,14768.0,1251.02,169.12
2017-05-28 20:54:02,14750.0,1251.0,169.13
2017-05-28 20:55:02,14750.0,1250.7,169.12
2017-05-28 20:56:01,14750.0,1250.0,169.1
2017-05-28 20:57:01,14711.0,1249.0,169.1
2017-05-28 20:58:01,14700.02,1249.0,169.0
2017-05-28 20:59:01,14700.0,1249.01,168.98
2017-05-28 21:00:03,14700.01,1249.01,168.49
2017-05-28 21:01:02,14700.01,1250.69,168.49
2017-05-28 21:02:01,14700.01,1249.02,168.0
2017-05-28 21:03:01,14768.9,1250.01,167.99
2017-05-28 21:04:01,14700.01,1250.01,167.9
2017-05-28 21:05:02,14720.1,1260.0,167.9
2017-05-28 21:06:02,14769.0,1259.0,167.3
2017-05-28 21:07:02,14768.99,1265.05,167.99
2017-05-28 21:08:02,14768.99,1265.05,167.8
2017-05-28 21:09:02,14768.99,1267.99,168.0
2017-05-28 21:10:02,14899.0,1261.0,167.41
2017-05-28 21:11:02,14800.0,1261.0,167.35
2017-05-28 21:12:01,14800,1247,167.4